[{"model": "api.projectcategory", "pk": 1, "fields": {"name": "Software Tools"}}, {"model": "api.projectcategory", "pk": 2, "fields": {"name": "Web Apps"}}, {"model": "api.projectcategory", "pk": 3, "fields": {"name": "Game Development"}}, {"model": "api.projectcategory", "pk": 4, "fields": {"name": "Other"}}, {"model": "api.project", "pk": 1, "fields": {"name": "Memetown USA", "description": "tbd", "category": 3, "order": 2, "featured": false, "url": "https://memetownusa.com"}}, {"model": "api.project", "pk": 2, "fields": {"name": "GameAsset.org", "description": "tbd", "category": 2, "order": 2, "featured": false, "url": "https://gameasset.org"}}, {"model": "api.project", "pk": 3, "fields": {"name": "Book of Mormon Golf", "description": "First web app", "category": 2, "order": 2, "featured": false, "url": "https://bomgolf.joshmoody.org"}}, {"model": "api.project", "pk": 4, "fields": {"name": "Area Book Training Site", "description": "Clone of area book used at MTC", "category": 2, "order": 2, "featured": false, "url": "https://areabook.joshmoody.org"}}, {"model": "api.project", "pk": 5, "fields": {"name": "BioGenerator", "description": "Bio generation site used at MTC", "category": 2, "order": 2, "featured": false, "url": "https://biogenerator.joshmoody.org"}}, {"model": "api.project", "pk": 6, "fields": {"name": "Rust Raytracer", "description": "Raytracer written in Rust programming language", "category": 1, "order": 2, "featured": false, "url": "https://github.com/joshmoody24/RustRayTracer"}}, {"model": "api.project", "pk": 7, "fields": {"name": "Sitcom Simulator", "description": "AI video generation command-line tool", "category": 1, "order": 2, "featured": false, "url": "https://github.com/joshmoody24/sitcom-simulator"}}, {"model": "api.skillcategory", "pk": 1, "fields": {"name": "Backend"}}, {"model": "api.skillcategory", "pk": 2, "fields": {"name": "Business"}}, {"model": "api.skillcategory", "pk": 3, "fields": {"name": "Other"}}, {"model": "api.skillcategory", "pk": 4, "fields": {"name": "Frontend"}}, {"model": "api.skillcategory", "pk": 5, "fields": {"name": "Technical"}}, {"model": "api.skill", "pk": 1, "fields": {"name": "C#", "description": "Experienced with ASP.NET and Unity Game Engine", "category": 1, "order": 2, "featured": false}}, {"model": "api.skill", "pk": 2, "fields": {"name": "C++", "description": "Experienced with data structures and algorithms. Developed an interpreter for the Datalog language in C++.", "category": 1, "order": 2, "featured": false}}, {"model": "api.skill", "pk": 3, "fields": {"name": "Tableau", "description": "Experienced with Tableau data analytics, including dashboards, Tableau Server, Tableau Online, etc.", "category": 2, "order": 2, "featured": false}}, {"model": "api.skill", "pk": 4, "fields": {"name": "Amazon Web Services", "description": "Experienced with many aspects of AWS, including EC2, RDS, VPC, Route53, Fargate, CodePipeline, CodeCommit, and IAM. Also experienced with general networking and cloud infrastructure principles.", "category": 5, "order": 2, "featured": false}}, {"model": "api.skill", "pk": 5, "fields": {"name": "Docker", "description": "tbd", "category": 1, "order": 2, "featured": false}}, {"model": "api.skill", "pk": 6, "fields": {"name": "Python", "description": "Proficient in Python programming language, including popular data analytics, machine learning libraries, and web-scraping libraries like scikit-learn, opencv-python, pandas, numpy, plt, beautifulsoup, selenium, and others. Also experienced with the Django web framework.", "category": 5, "order": 2, "featured": false}}, {"model": "api.skill", "pk": 7, "fields": {"name": "Javascript/Typescript", "description": "1.5 years of real-world experience building web frontends with JavaScript and Typescript. I have exposure to many frontend frameworks, especially React and Vue.", "category": 4, "order": 2, "featured": false}}, {"model": "api.skill", "pk": 8, "fields": {"name": "HTML/CSS", "description": "Experienced with web development fundamentals. Also familiar with many popular styling frameworks like Bootstrap.", "category": 4, "order": 2, "featured": false}}, {"model": "api.skill", "pk": 9, "fields": {"name": "React", "description": "1.5 years of real-world experience building web applications with the React library.", "category": 4, "order": 2, "featured": false}}, {"model": "api.skill", "pk": 10, "fields": {"name": "Redux", "description": "Experienced with the react-redux library for building web frontends with Redux state management.", "category": 4, "order": 2, "featured": false}}, {"model": "api.skill", "pk": 11, "fields": {"name": "Django", "description": "1.5 years real-world experience building web applications with Django. This includes experience with Django frameworks such as Django Rest Framework and Django Ninja.", "category": 1, "order": 2, "featured": false}}, {"model": "api.skill", "pk": 12, "fields": {"name": "SQL", "description": "Proficient with SQL and relational databases, especially MySQL, MariaDB, PostgreSQL, and Amazon Aurora. I also have experience with NoSQL databases like MongoDB.", "category": 1, "order": 2, "featured": false}}, {"model": "api.skill", "pk": 13, "fields": {"name": "Vue", "description": "tbd", "category": 4, "order": 2, "featured": false}}, {"model": "api.skill", "pk": 14, "fields": {"name": "ASP.NET", "description": "tbd", "category": 5, "order": 2, "featured": false}}, {"model": "api.skill", "pk": 15, "fields": {"name": "VBA", "description": "Experience automating Excel spreadsheet tasks using the VBA language.", "category": 1, "order": 2, "featured": false}}, {"model": "api.skill", "pk": 16, "fields": {"name": "Pivot Tables", "description": "Experience analyzing data in Excel using Pivot Tables.", "category": 2, "order": 2, "featured": false}}, {"model": "api.skill", "pk": 17, "fields": {"name": "MongoDB", "description": "Experienced with MongoDB, a popular NoSQL document database. I use MongoDB as the primary database for GameAsset.org.", "category": 1, "order": 2, "featured": false}}, {"model": "api.skill", "pk": 18, "fields": {"name": "AWS Fargate", "description": "Experienced with container management using AWS Fargete", "category": 1, "order": 2, "featured": false}}, {"model": "api.skill", "pk": 19, "fields": {"name": "Leadership", "description": "tbd", "category": 3, "order": 2, "featured": false}}, {"model": "api.achievementcategory", "pk": 1, "fields": {"name": "Other"}}, {"model": "api.achievementcategory", "pk": 2, "fields": {"name": "Technical"}}, {"model": "api.achievement", "pk": 1, "fields": {"name": "Developed and published commercial video game with 2,000 copies sold", "description": "Memetown USA", "category": 2, "order": 2, "featured": false}}, {"model": "api.achievement", "pk": 2, "fields": {"name": "Winner of 2020 Business Strategy Society Vivint Case Competition", "description": "Business case involving data analytics", "category": 2, "order": 2, "featured": false}}, {"model": "api.achievement", "pk": 3, "fields": {"name": "Created science-themed YouTube channel with 600,000 lifetime views", "description": "Blasted Science", "category": 2, "order": 2, "featured": false}}, {"model": "api.achievement", "pk": 4, "fields": {"name": "Highly ranked in several game jams", "description": "Rapid video game development competitions", "category": 2, "order": 2, "featured": false}}, {"model": "api.achievement", "pk": 5, "fields": {"name": "Eagle Scout", "description": "Heavily involved in scouting throughout childhood and teenage years. For my eagle project, I created and donated 30+ specialized chairs to Kids on the Move to help special-needs children with their posture.", "category": 1, "order": 2, "featured": false}}, {"model": "api.achievement", "pk": 6, "fields": {"name": "Volunteer experience organizing books at local library", "description": "Among many other volunteer experiences", "category": 1, "order": 2, "featured": false}}, {"model": "api.university", "pk": 1, "fields": {"name": "Brigham Young University"}}, {"model": "api.college", "pk": 1, "fields": {"name": "Marriott School of Business", "university": 1}}, {"model": "api.college", "pk": 2, "fields": {"name": "College of Physical and Mathematical Sciences", "university": 1}}, {"model": "api.department", "pk": 1, "fields": {"name": "Information Systems", "abbreviation": "IS", "college": 1}}, {"model": "api.department", "pk": 2, "fields": {"name": "Computer Science", "abbreviation": "CS", "college": 2}}, {"model": "api.educationstat", "pk": 1, "fields": {"education": 1, "name": "GPA", "value": "4.0"}}, {"model": "api.educationstat", "pk": 2, "fields": {"education": 1, "name": "ACT Score", "value": "36"}}, {"model": "api.educationstat", "pk": 3, "fields": {"education": 1, "name": "Full-tuition Academic Scholarship", "value": ""}}, {"model": "api.educationstat", "pk": 4, "fields": {"education": 1, "name": "Member of", "value": "Association for Information Systems, Business Strategy Society"}}, {"model": "api.degreetype", "pk": 1, "fields": {"name": "Master of", "abbreviation": "M"}}, {"model": "api.degreetype", "pk": 2, "fields": {"name": "Bachelor of Science", "abbreviation": "BS"}}, {"model": "api.degreetype", "pk": 3, "fields": {"name": "Minor", "abbreviation": ""}}, {"model": "api.degree", "pk": 1, "fields": {"name": "Information Systems Management", "emphasis": "Development", "type": 1, "department": 1}}, {"model": "api.degree", "pk": 2, "fields": {"name": "Information Systems", "emphasis": "", "type": 2, "department": 1}}, {"model": "api.degree", "pk": 3, "fields": {"name": "Computer Science", "emphasis": "", "type": 3, "department": 2}}, {"model": "api.employment", "pk": 1, "fields": {"job_title": "Volunteer Representative", "employer": "The Church of Jesus Christ of Latter-day Saints", "start_date": "2018-08-15", "end_date": "2020-05-27", "location": "Roseville, CA"}}, {"model": "api.employment", "pk": 2, "fields": {"job_title": "Classroom Trainer", "employer": "Missionary Training Center", "start_date": "2020-08-11", "end_date": "2021-10-15", "location": "Provo, UT"}}, {"model": "api.employment", "pk": 3, "fields": {"job_title": "Web Developer", "employer": "Brigham Young University", "start_date": "2020-10-18", "end_date": null, "location": "Provo, UT"}}, {"model": "api.employmentdetail", "pk": 1, "fields": {"employment": 1, "description": "Trained, motivated, and directed 150 other volunteers in regular meetings focused on leadership, teamwork, discipline, teaching, and accomplishing goals"}}, {"model": "api.employmentdetail", "pk": 2, "fields": {"employment": 1, "description": "Managed 2 social media marketing campaigns"}}, {"model": "api.employmentdetail", "pk": 3, "fields": {"employment": 1, "description": "Performed community service to victims of most destructive wildfire in California history"}}, {"model": "api.employmentdetail", "pk": 4, "fields": {"employment": 2, "description": "Trained groups of 8-12 volunteers in skills such as goal setting, planning, teaching, discipline, and teamwork"}}, {"model": "api.employmentdetail", "pk": 5, "fields": {"employment": 2, "description": "Managed 2 social media marketing campaigns"}}, {"model": "api.employmentdetail", "pk": 6, "fields": {"employment": 2, "description": "Designed multiple web applications to enhance teacher preparation and student engagement in classrooms"}}, {"model": "api.employmentdetail", "pk": 7, "fields": {"employment": 3, "description": "Developing conference-management web application used by 700 students and faculty that reduces time spent organizing events by 90%"}}, {"model": "api.employmentdetail", "pk": 8, "fields": {"employment": 3, "description": "Developing web application used by students and faculty to create 750 student research opportunities per year"}}, {"model": "api.employmentdetail", "pk": 9, "fields": {"employment": 3, "description": "Restructuring college database to reduce website load times by 75% and increase development speed by 50%"}}]